claim_id,manuscript_location,claim_as_written,artifact,json_key_or_method,actual_value_units,model,decision
A1,abstract;sec3.1;fig3 caption;concl.1,"kick -5.749 mrad at septum offset x=-16.0 mm",kickmap_file.txt (sha256 5c1a3f14...),NKMKickMap2D.evaluate_kick(-0.016 m 0),"-2.1046 mrad at -16 mm; -5.749 mrad is the peak at -8.5 mm",RADIA kick map,CORRECT: kick map peak is at -8.5 mm; injection geometry redefined (physics_model.md)
A2,abstract;sec3.1,"residual field <1e-6 T m on stored axis",kickmap_file.txt,evaluate at (0 0),"|kx|=3.2e-10 mrad (=4.3e-12 T m)",RADIA kick map,KEEP qualitatively; report as kick in rad with numerical value
A3,abstract;sec2.3;table3,"baseline beta_y,max=242.61 m; M_y=28.61",backups_20261009/production_statistical_01 (baseline via BTSConfig),compute_bts_optics_metrics(nominal),"beta_y,max 242.61 m; M_x 8.6746; M_y 28.6147",linear BTS optics,KEEP; regenerate from code in new figure/table
A4,abstract;sec4.1;table3,"SLSQP beta_y,max 52.54 m beta_x,max 30.66 m; mismatch <1.5e-7; merit 2.45e7->0.00471; cond 1390.14",optimization/bts_optimization_summary.json,final_max_beta_*_m; final_merit; sensitivity.condition_number,"beta_x,max 31.44 m; beta_y,max 50.75 m; M_x=M_y=0.0; merit 2.45e7->1.29e-13; cond 1421.6",linear BTS optics,REPLACE with selected-run values
A5,table2,"SLSQP quad strengths",optimization/bts_optimization_summary.json,optimized_strengths_by_name_m_minus2,"q11 -0.3675 ... q33 0.3511 m^-2 (different from table)",linear BTS optics,REPLACE
A6,table2,"MOGA knee-point strengths incl. q32=+4.13 outside [-3 3] bounds",historical; not in selected run,n/a,"knee strengths not saved as table input; listed values equal nominal notebook strengths and violate stated bounds",n/a,REMOVE (MOGA not a main claim; Task 007)
A7,abstract;table3;concl.2,"knee-point M=0.6061 (61.5x); peak beta 25.14 m",historical (pre-refactor),n/a,"no matching artifact in selected run",n/a,REMOVE
A8,sec4.2,"seed 404: 3 Pareto solutions; HV 57602.67",moga/multi_seed_moga_summary.json,seed_metrics.seed_404,"23 Pareto solutions; HV 70420.18",BTS optics MOGA,REMOVE from main text
A9,abstract;sec5;table4;concl.3,"1000-turn tracking: fieldmap stored centroid 0.0048 mm vs ideal 2.0466 mm (430x)",multiturn/injection_metrics_summary.json,stored_centroid_osc_mm,"fieldmap 0.00578 mm; off 0.00575 mm; ideal 2.560 mm",linear one-turn map + thin kick,REMOVE ratio: off and fieldmap equal; ideal control uncalibrated (-0.127 mrad); replace by calibrated-control result (Task 004)
A10,table4;sec5.2,"fieldmap capture 5.06%; linear 6.39%; off 100%; -20 mm gives 99.40%",multiturn/injection_metrics_summary.json,capture_mean,"off 1.0; ideal 1.0; linear 0.0; fieldmap 0.99776 (at -20 mm)",linear one-turn map,REMOVE: linear model omits dynamic aperture (milestone 103); nonlinear tracking lost at -16/-20 mm
A11,sec5.1,"apertures +/-30 x +/-15 mm; 45 mm turn-1; septum -16 mm 2 mm blade",StorageRingInjectionConfig defaults,config,"applied only at observation point after linear map; ring lattice has no aperture elements",linear map,REPLACE by physics_model.md aperture definition
A12,sec3.1,"grid 201x201 over +/-25 mm, 0.25 mm step",fieldmap/fieldmap_validation_metrics.json,2d_kickmap_validation.x_range_mm,"+/-50 mm, 0.5 mm step",RADIA kick map,CORRECT
A13,sec3.1,"odd symmetry residual <1e-12",fieldmap/fieldmap_validation_metrics.json,symmetry_residuals,"kx odd-x residual 2.45e-7 mrad",RADIA kick map,CORRECT
A14,sec3.1,"Lorentz sign: negative kick at negative x for electrons",NKM_radia.ipynb cell 15; milestone 103,file stores +int(B)/Brho,"map sign corresponds to positive-charge convention for RADIA coil current; electron kick negative at x<0 only for reversed polarity",RADIA kick map,REPLACE by explicit polarity statement (physics_model.md)
A15,sec3.2,"thick NKM length 0.31 m",BTSConfig.l_kext; kickmap header,length,"0.31 m is the BTS extraction kicker; NKM L=0.525 m",n/a,CORRECT to 0.525 m
A16,sec3.2,"slice scan {5 10 20 50 100}; N>=40 converges <5e-5 mrad",convergence/tracking_convergence_summary.json,results,"scan {10 20 40 80 160}; |x'(40)-x'(160)|=4.6e-5 mrad",uniform-in-z By(x) thick model,REPLACE values; state that By(x) is applied uniformly over L (no longitudinal profile)
A17,sec2.2,"BTS exit at s=29.8 m; BTS length 29.8 m",BTSConfig / validate_bts_lattice,total_length_m,"21.789 m (canonical BTSConfig)",BTS lattice,CORRECT
A18,table1,"emittance 5.0e-9 / 1.0e-10 m rad",optimization/config.json,constraint_config.emit_x_m emit_y_m,"1.0e-7 / 1.0e-8 m rad used in all studies",n/a,CORRECT to values actually used; flag as booster assumption
A19,sec4.1,"bounds [-3 3] for all quads",optimization/config.json,constraint_config.quad_bounds,"q11 q33 [-2.5 2.5]; others [-3 3]",n/a,CORRECT
A20,abstract;sec6,"500 equivalent seeds Monte Carlo",tolerances/publication_tolerances_summary.json,n_samples,"20000 samples (selected run); 50000 x 3 seeds (campaign S4)",linear BTS optics + errors,REPLACE
A21,sec6.2,"P50(M_x)=8.71 ... P50(M_y)=28.49",tolerances/publication_tolerances_summary.json,robustness_statistics.mismatch_x/y,"M_x p50 0.00209 [0.00203 0.00216]; p95 0.0163; M_y p50 0.00245",linear BTS optics + errors,REPLACE (old values are baseline-lattice numbers)
A22,table5,"OAT delta merit 0.9469 0.1432 0.0259 ...",tolerances/publication_tolerances_summary.json,sensitivity_ranking,"0.00882 0.000844 0.000107 3.6e-9 ...",linear BTS optics,REPLACE; add coverage caveat (task002/error_coverage.json)
A23,sec6.2;concl.4,"stored-beam kick <=0.00505 mrad all realizations",tolerances/publication_tolerances_summary.json,stored_beam_kick_mrad,"p50 0.00131; p99 0.0151; max 0.0367 mrad",kick map at x=co-dx,REPLACE
A24,sec6.1,"11 uncertainty sources applied",task002/error_coverage.json,effective_on,"dipole field; booster jitter; quad ds; NKM timing; septum offset have no effect; 4 fields never sampled",error model,QUALIFY: list effective/ineffective terms
A25,sec6.1,"robust feasibility confirmed",tolerances summary,failure_probability,"0/20000 optics failures; one-sided 95% upper bound 1.5e-4; capture not evaluated",optics only,QUALIFY: optics-only; capture from Task 006
A26,concl.3,"tracking proves transparency (6D rigorous symplectic)",milestone 103,native vs linear,"linear map + thin kick; not element-by-element",linear map,REMOVE wording; replace by nonlinear results
A27,intro,"field profile with flat kick region at x~-16 mm; field and derivative vanish at axis",kickmap / By.txt,By(x) shape,"peak at -8.5 mm; By ~ x^3 near axis (wire symmetry)",RADIA,CORRECT
A28,affiliation,"Department of Accelerator Science, Korea University",AGENTS.md,author metadata,"Dept. of Accelerator Science and Center for Accelerator Research, Korea University, Sejong 30019, Republic of Korea",n/a,CORRECT
A29,bibliography,"Takaki PRAB 24 040701 (2021); Olsson NIMA 880 (2018); Aiba NIMA 830 (2016)",paper.bib,publisher records,"no matching records found; verified Takaki et al. PRST-AB 13 020705 (2010)",n/a,REMOVE unverifiable entries (Task 010)
B1,abstract;sec2.1;concl,"on-momentum DA -12 to +13 mm at injection point",campaign_manifest:backend_validation,dynamic_aperture.da_x_delta.+0.00,"-12/+13 mm (1 mm grid, 500 turns)",native AT 6D,NEW (macros DAxMinMm/DAxMaxMm)
B2,abstract;sec3,"linear one-turn map overestimates capture by tens of points",campaign_manifest:backend_validation,paired_backend_comparison,"field map 62 vs 43 %; dipole 84 vs 42 %",native vs linear map,NEW (ProvCaptureMap/Native)
B3,sec3,"turn convergence 0.44 (500) vs 0.43 (2000); uniform 1 urad -> 15.7 vs 16.3 um",campaign_manifest:backend_validation,turn_convergence_capture; stored_beam,"as stated",native,NEW (text values; model_validation.md)
B4,abstract;sec4;concl,"operating point x_inj=-20 mm S=0.85 x'=4.87 mrad; grid capture 89.5 %",campaign_manifest:operating_region_grid,rows (max Wilson lower bound),"as stated",native coupled,NEW (OpXinjMm/OpScale/OpXpMrad/OpCaptureGrid)
B5,abstract;sec4;concl,"NKM 91.1 %; dipole 94.6 %; linearised 96.2 %; off 0 %; baseline BTS 26.9 %",campaign_manifest:operating_region_replicate,rows group=replicate/bts,"4 x 500 particles",native coupled paired,NEW (Rep*Capture/BaselineBTSCapture)
B6,abstract;sec4;concl,"stored centroid 5e-6 sigma aligned; 0.10 at 0.2 mm; 1.5 at 0.5 mm; dipole 2503; linearised 2971",computed by build_journal_figures.py from operating_point_config,stored_beam_response (bicubic 1e5 sample),"as stated",linear optics at NKM,NEW (Stored* macros; bilinear upper bound documented)
B7,abstract;sec4;sec6;concl,"angle window about +-0.5 mrad, asymmetric",campaign_manifest:operating_region_grid,offset rows,"+0.5: 13-64 %; -0.5: 15-85 %",native,NEW (text)
B8,sec5.1,"median M_x 2.095e-3 [2.070, 2.119]; 1/150000 failures; bound 3.7e-5; prefix target unmet",campaign_manifest:tolerance_replicates,pooled,"as stated",linear BTS optics,NEW (Tol* macros)
B9,abstract;sec5.2;concl,"combined-error mean capture 37.8 % [33.1, 42.7], 150 realizations",campaign_manifest:capture_analysis,pooled,"as stated",native coupled,NEW (Rob* macros)
B10,abstract;sec5.2,"static correction 43.9 %; no booster jitter 54.5 %; dipole 59.3 %; zero-error 88 %",campaign_manifest:capture_raw_corrected/nojitter/42,per realization,"as stated",native coupled,NEW (RobCorrectedMean/RobNoJitterMean/RobDipoleMean/RobZeroError)
B11,sec5.2,"septum orbit jitter 0.65 mm/0.33 mrad; static 0.7 mm; rho=-0.50",campaign_manifest:capture_raw_corrected/nojitter; capture_analysis,bts_exit; spearman_ranking,"as stated",native coupled,NEW (RobExitRms*/RobStaticRmsXmm/RobTopRho)
B12,sec5.2,"stored amplitude under errors median 0.10, p95 1.7, max 6.4 sigma",campaign_manifest:capture_analysis,stored_beam_cubic,"as stated",bicubic linear optics,NEW (RobStored*)
B13,sec2.1,"ring parameters beta 16.27 m, eps 61.6 pm, tunes, chromaticity, damping",physics_model.md section 2 (prepare_ring),lattice-derived,"as stated",AT radiation_parameters,NEW (model description)
B14,abstract;sec4;sec6,"thick NKM capture 87.0 % (re-matched) vs thin 91.1 %",campaign_manifest:thick_nkm_check,means,"4 x 500 particles, 160 slices",native coupled,NEW (Thick* macros; scientific_review.md)
